org_name,NAME,CORPORATE_IDENTIFICATION_NUMBER,COMPANY_NAME,COMPANY_STATUS,COMPANY_CLASS,COMPANY_CATEGORY,AUTHORIZED_CAPITAL,PAIDUP_CAPITAL,DATE_OF_REGISTRATION,REGISTERED_STATE,REGISTRAR_OF_COMPANIES,PRINCIPAL_BUSINESS_ACTIVITY,REGISTERED_OFFICE_ADDRESS,SUB_CATEGORY,REGISTRATION_DATE,,,,
M/S.LAKSHMI DEVELOPERS THROUGH MR.BHIM A.MHATRE,,,,,,,,,,,,,,,,,,,
Agriculture Insurance Company Ltd.,agriculture insurance company,U74999DL2002PLC118123,AGRICULTURE INSURANCE COMPANY OF INDIA LIMITED,ACTIVE,Public,Company Limited by Shares,15000000000,2000000000,20-12-2002,Delhi,RoC-Delhi,Business Services,"13th FLOOR, AMBADEEP BUILDING, KASTURBA GANDHI MARG,   NEW DELHI Delhi INDIA 110001",Indian Non-Government Company,nan,,,,
"Branch Manager, Kotak Mahindra Bank",,,,,,,,,,,,,,,,,,,
MAX BUPA HEALTH INSURANCE CO. LTD.,max bupa health insurance,U66000DL2008PLC182918,MAX BUPA HEALTH INSURANCE COMPANY LIMITED,ACTIVE,Public,Company Limited by Shares,10000000000,790500000,05-09-2008,Delhi,RoC-Delhi,Insurance,"Max House 1, Dr. Jha Marg, Okhla   New Delhi Delhi INDIA 110020",Indian Non-Government Company,nan,,,,
Dilip Vasant Hegde,,,,,,,,,,,,,,,,,,,
UNITED INDIA INSU.CO.,united india insu,U85110AP2013PTC087962,UNITED MULTI SPECIALITY HOSPITALS (INDIA) PRIVATE LIMITED,ACTIVE,Private,Company Limited by Shares,5000000,4537700,27-05-2013,Andhra Pradesh,RoC-Hyderabad,"Community, personal & Social Services",3-4-15/12 KUCHIMANCHIVARI AGRAHARAM   AMALAPURAM Andhra Pradesh INDIA 533201,Indian Non-Government Company,27-05-2013,,,,
"1. M/s. Vijaya Saradhi Housing Private Ltd., Rep. by its Managing Director, Syed Alla Bakshu, 2. Syed Alla Bakshu",,,,,,,,,,,,,,,,,,,
Charles Dias,,,,,,,,,,,,,,,,,,,
Jayendra Singh,,,,,,,,,,,,,,,,,,,
The Housing Commissioner karnataka Housing Board,,,,,,,,,,,,,,,,,,,
"1.Reliance Jio Infocomm Ltd.,",reliance jio infocomm,U99999GJ1994PLC021441,RELIANCE INFOCOMM LIMITED,AMALGAMATED,Public,Company Limited by Shares,3500000000, -   ,01-03-1994,Gujarat,RoC-Ahmedabad ,nan,"2ND FLOOR,AVDHESH HOUSE,PRITAMNAGAR,,ELLISBRIDGE, AHMEDABAD    Gujarat INDIA  ",Indian Non-Government Company,nan,,,,
M/S Nobel Udyog,,,,,,,,,,,,,,,,,,,
Aksha Jain,,,,,,,,,,,,,,,,,,,
Sri Palivela Bangar Raju,,,,,,,,,,,,,,,,,,,
IFFCO TOKIO General Insurance Company Limited,iffco tokio general insurance company,U74899DL2000PLC107621,IFFCO-TOKIO GENERAL INSURANCE COMPANY LIMITED,ACTIVE,Public,Company Limited by Shares,4000000000,2693215000,08-09-2000,Delhi,RoC-Delhi,Business Services,"IFFCO SADAN C1 DISTT. CENTER, SAKET   NEW DELHI Delhi INDIA 110017",Indian Non-Government Company,nan,,,,
Ajay Kishore Jain,ajay kishore jain,U74210CH1988PTC008500,NAND KISHORE JAIN BUILDERS PVT LTD,STRIKE OFF,Private,Company Limited by Shares,500000,20000,23-06-1988,Chandigarh,RoC-Chandigarh,Business Services,CHANDIGARH CHANDIGARH   U T Chandigarh INDIA ,Indian Non-Government Company,23-06-1988,,,,
Yadwinder Singh,,,,,,,,,,,,,,,,,,,
PTC BUILDERS,,,,,,,,,,,,,,,,,,,
Smt. Palivela Prabhavathi,,,,,,,,,,,,,,,,,,,
United India Insurance Company Limited,united india insurance company,U93090TN1938GOI000108,UNITED INDIA INSURANCE COMPANY LIMITED,ACTIVE,Public,Company Limited by Shares,2000000000,1500000000,18-02-1938,Tamil Nadu,RoC-Chennai,"Community, personal & Social Services","24,WHITES ROAD, ROYAPETTAH,   CHENNAI Tamil Nadu INDIA 600014",Union Government Company,18-02-1938,,,,
RELIANCE GEN.INSU. CO.LTD.,,,,,,,,,,,,,,,,,,,
Ansal Properties and Infracture Ltd,ansal properties and infracture,L45101DL1967PLC004759,ANSAL PROPERTIES AND INFRASTRUCTURE LIMITED,ACTIVE,Public,Company Limited by Shares,1500000000,787024380,30-06-1967,Delhi,RoC-Delhi,Construction,115 ANSAL BHAWAN16 K G MARG    NEW DELHI Delhi INDIA 110001,Indian Non-Government Company,nan,,,,
"Branch Manager, Central Bank of India & another",central bank of india &,U74899DL1976GOI008069,CENTRAL COTTAGE INDUSTRIES CORPORATION OF INDIA LTD,ACTIVE,Private,Company Limited by Shares,120000000,108500000,04-02-1976,Delhi,RoC-Delhi,Business Services,"Jawahar Vyapar Bhavan, Janpath   New Delhi Delhi INDIA 110001",Union Government Company,nan,,,,
1. Kannegolla Karthik,,,,,,,,,,,,,,,,,,,
Purvanchal Vidyut Vitaran Nigam,purvanchal vidyut vitaran nigam,U31200UP2003SGC027461,PURVANCHAL VIDYUT VITRAN NIGAM LIMITED,ACTIVE,Public,Company Limited by Shares,50000000000,39397413000,01-05-2003,Uttar Pradesh,RoC-Kanpur,Manufacturing (Machinery & Equipments),"VIDYUT NAGAR,  BHIKHARIPUR, P.O -DLW   VARANASI Uttar Pradesh INDIA 221010",State Government Company,01-05-2003,,,,
JET AIRWAYS (INDIA) LMT,jet airways india,U62200BR2011PTC016880,R P S AIRWAYS (INDIA) PRIVATE LIMITED,ACTIVE,Private,Company Limited by Shares,20500000,1000000,25-04-2011,Bihar,RoC-Patna,"Transport, storage and Communications","C/O-RPS TRAVELS , G-5, PUSPAK COMPLEX, MARWARI AWAS GRIH CAMPUS, FRASER ROAD   PATNA Bihar INDIA 800001",Indian Non-Government Company,25-04-2011,,,,
M/s Arunima Construction,,,,,,,,,,,,,,,,,,,
Smt. Sunanda Chaudhury,,,,,,,,,,,,,,,,,,,
"Branch Office, The New India Assurance Company Ltd.",new india assurance company,U74999TN1934PLC001773,THE NEW GUARDIAN OF INDIA LIFE ASSURANCE COMPANY LIMITED,DORMANT,Public,Company Limited by Shares,500000, -   ,11-09-1934,Tamil Nadu,RoC-Chennai,Business Services,MADRAS     Tamil Nadu INDIA ,Indian Non-Government Company,11-09-1934,,,,
KRK PROPERTIES PVT LTD,krk properties,U45201KA2005PTC037392,KRK PROPERTIES PRIVATE LIMITED,ACTIVE,Private,Company Limited by Shares,5000000,400000,05-10-2005,Karnataka,RoC-Bangalore,Construction,"46, RAGHU""", II MAIN," 8TH CROSS PRASHANTHNAGAR   BANGALORE Karnataka INDIA 560079""",Indian Non-Government Company,05-10-2005,,
Dr. Fernando Aluision Das Angustia & others,,,,,,,,,,,,,,,,,,,
M/s. Bengal Unitech Universal Infrastructure Pvt. Ltd.,bengal unitech universal infrastructure,U45201DL1996PTC080900,BENGAL UNITECH UNIVERSAL INFRASTRUCTURE PRIVATE LIMITED,ACTIVE,Private,Company Limited by Shares,50000000,49997600,02-08-1996,Delhi,RoC-Delhi,Construction,"6, COMMUNITY CENTRE, SAKET   NEW DELHI Delhi INDIA 110017",Indian Non-Government Company,nan,,,,
M/s K.S.Motors Pvt. Ltd. Through Manager,k s motors,U74899DL1989PTC035742,B.K.S. MOTORS PRIVATE LIMITED,ACTIVE,Private,Company Limited by Shares,3000000,2450000,04-04-1989,Delhi,RoC-Delhi,Business Services,2802 BARA BAZAR KASMIRI GATE   NEW DELHI Delhi INDIA 110006,Indian Non-Government Company,nan,,,,
MAHINDRA &MAHINDRA,mahindra &mahindra,U31102CT1983PTC002117,MAHINDRA FORGING INDUSTRIES PVT.LTD.,STRIKE OFF,Private,Company Limited by Shares,500000,50000,01-01-1983,Chhattisgarh,RoC-Chhattisgarh,Manufacturing (Machinery & Equipments),SUR BUILDING K.K. ROAD    RAIPUR Chhattisgarh INDIA ,Indian Non-Government Company,01-01-1983,,,,
SAHARA CREDIT CO-OPERATIVE SOCIETY LTD.,,,,,,,,,,,,,,,,,,,
Bharat Sanchar Nigam Limited,bharat sanchar nigam,U74899DL2000GOI107739,BHARAT SANCHAR NIGAM LIMITED,ACTIVE,Public,Company Limited by Shares,1.75E+11,1.25E+11,15-09-2000,Delhi,RoC-Delhi,Business Services,"BHARAT SANCHAR BHAWAN, HARISH CHANDRA MATHUR LANE, JANPATH   NEW DELHI Delhi INDIA 110001",Union Government Company,nan,,,,
Punjab Urban Planning and Development Authority,punjab urban planning and development authority,U72900DL2012NPL230304,ZMQ DEVELOPMENT,ACTIVE,Private,Company Limited by Shares,500000,500000,20-01-2012,Delhi,RoC-Delhi,Business Services,"187, VAISHALI PITAMPURA   DELHI Delhi INDIA 110088",Indian Non-Government Company,nan,,,,
ICICI LOMBARD GENERAL INSURANCE CO. LTD.,,,,,,,,,,,,,,,,,,,
M/s. DLF Gayatri Developers,dlf gayatri developers,U45201DL2006PTC147560,DLF GAYATRI HOME DEVELOPERS PRIVATE LIMITED,ACTIVE,Private,Company Limited by Shares,2500000,100000,16-03-2006,Delhi,RoC-Delhi,Construction,I-E JHANDEWALAN EXTENSION NAAZ CINEMA COMPLEX   NEW DELHI Delhi INDIA 110055,Indian Non-Government Company,nan,,,,
"M/s. Narne Constructions Pvt Ltd.,",narne constructions,U45200TG1994PTC017005,NARNE CONSTRUCTIONS PVT LTD,ACTIVE,Private,Company Limited by Shares,2000000,2000000,09-02-1994,Telangana,RoC-Hyderabad,Construction,"10,GUNROCK ENCLAVE,SECUNDERABD A.P.    Telangana INDIA 500009",Indian Non-Government Company,09-02-1994,,,,
The Mohali Cooperative House Building,,,,,,,,,,,,,,,,,,,
Bayer Bioscience Pvt.Ltd. & Anr.,,,,,,,,,,,,,,,,,,,
Hinduja Leyland Finance Ltd,hinduja leyland finance,U65993TN2008PLC069837,HINDUJA LEYLAND FINANCE LIMITED,ACTIVE,Public,Company Limited by Shares,6229077000,3782176190,12-11-2008,Tamil Nadu,RoC-Chennai,Finance,1 Sardar Patel Road Guindy   Chennai Tamil Nadu INDIA 600032,Indian Non-Government Company,12-11-2008,,,,
Dipti Mauzekar & another,,,,,,,,,,,,,,,,,,,
A.V.V.N.L.,a v v n l,U45201AP2006PTC050265,V.A.L.S.DEVELOPERS PRIVATE LMITED,ACTIVE,Private,Company Limited by Shares,500000,181700,07-06-2006,Andhra Pradesh,RoC-Hyderabad,Construction,"D.N0.10-27-2/4, FACOR LAYOUT KAILASHMETTA, WALTAIR UPLANDS   VISAKHAPATNAM Andhra Pradesh INDIA 530003",Indian Non-Government Company,07-06-2006,,,,
TATA AIA Life Insurance COmpany Ltd,tata aia life insurance company,U66010DL2000PLC107880,AVIVA LIFE INSURANCE COMPANY INDIA LTD,ACTIVE,Public,Company Limited by Shares,25000000000,20049000000,25-09-2000,Delhi,RoC-Delhi,Insurance,2ND FLOORPRAKASHDEP BUILDING 7 TOLSTOY MARG   NEW DELHI Delhi INDIA 110001,Indian Non-Government Company,nan,,,,
"The District Cooperative Central Bank Ltd ., Rep by its Chief Executive Officer",,,,,,,,,,,,,,,,,,,
HLC Construction & Developers & Others,hlc construction & developers & others,U70200WB1991PLC052115,SURAJ CONSTRUCTION & DEVELOPERS LTD,ACTIVE,Public,Company Limited by Shares,700000,678500,25-06-1991,West Bengal,RoC-Kolkata,Real Estate and Renting,58N KAILASH BOSE ST. NEAR SAI NATH MARKET STD BOOT KOLKATA West Bengal INDIA 700006,Indian Non-Government Company,25-06-1991,,,,
"1. M/s. Sri Rama Constructions, Rep. by its Partner, S. Ramesh",rama constructions by partner s ramesh,U70101WB1988PLC045084,B B CONSTRUCTIONS LTD,ACTIVE,Public,Company Limited by Shares,2500000,1921000,30-08-1988,West Bengal,RoC-Kolkata,Real Estate and Renting,"32, EZRA STREET SUITE NO.554, 5TH FLOOR KOLKATA West Bengal INDIA 700001",Indian Non-Government Company,30-08-1988,,,,
H.T.Ramakrishna,h t ramakrishna,U70102AP2014OPC095692,RAMAKRISHNA REALCON PRIVATE LIMITED (OPC),ACTIVE,One Person Company,Company Limited by Shares,"1,00,000.00","1,00,000.00",21-11-2014,Andhra Pradesh,RoC-Hyderabad,Real Estate and Renting,"57-15-7/1, Tf-2, KRISHNA SAI ENCLAVE NEW POSTAL COLONY, PATAMATA   VIJAYAWADA Andhra Pradesh INDIA 520010",Indian Non-Government Company,21-11-2014,,,,
M/s. Biswas Construction & Others,biswas construction & others,U28910CT2012PTC000395,BISWAS ENGINEERING & CONSTRUCTION SERVICES (I) PRIVATE LIMITED,ACTIVE,Private,Company Limited by Shares,"20,00,000.00","8,40,000.00",14-06-2012,Chhattisgarh,RoC-Chhattisgarh,"Manufacturing (Metals & Chemicals, and products thereof)","H. NO. 7, P.V. 60 YASHAVANT NAGAR, BARDA   PAKHANJOOR Chhattisgarh INDIA 494776",Indian Non-Government Company,14-06-2012,,,,
BASHEER K A,,,,,,,,,,,,,,,,,,,
M/S AJS BUILDERS PVT. LTD. & ANR.,ajs builders &,U70101DL2014PTC266527,AS & AJS BUILDERS PRIVATE LIMITED,ACTIVE,Private,Company Limited by Shares,"1,00,000.00","1,00,000.00",19-03-2014,Delhi,RoC-Delhi,Real Estate and Renting,"A-529 & A 538, IInd Floor, Indira Marg Mandawali, Fazal   NEW DELHI Delhi INDIA 110092",Indian Non-Government Company,nan,,,,
HDFC ERGO General Insurance Co. Ltd.,,,,,,,,,,,,,,,,,,,
Kalinga Institute of Mining Engineering & Technology Trust.,kalinga institute of mining engineering & technology trust,U80902JH2013NPL001009,CLOVIS INSTITUTE OF TECHNOLOGY,ACTIVE,Private,Company Limited by Shares,100000,100000,25-02-2013,Jharkhand,RoC-Jharkhand,"Community, personal & Social Services","SILLI POLITECHNIC INSTITUTE P.O.:LOTA, P.S.:SILLI   RANCHI Jharkhand INDIA 835102",Indian Non-Government Company,25-02-2013,,,,
M/S ANSAL PROPERTIES & INFRASTRUCTURE LTD. & ANR.,ansal properties & infrastructure &,L45101DL1967PLC004759,ANSAL PROPERTIES AND INFRASTRUCTURE LIMITED,ACTIVE,Public,Company Limited by Shares,"1,50,00,00,000.00","78,70,24,380.00",30-06-1967,Delhi,RoC-Delhi,Construction,115 ANSAL BHAWAN16 K G MARG    NEW DELHI Delhi INDIA 110001,Indian Non-Government Company,nan,,,,
Sri Samir Das,,,,,,,,,,,,,,,,,,,
Syndicate Bank,syndicate bank,SYNB,SYNDICATE BANK,ACTIVE,Public,Company Limited by Shares,30000000000, -   ,05-01-1955,Karnataka,RoC-Bangalore,nan,Post Box No.1     Manipal Karnataka INDIA  ,Indian Non-Government Company,05-01-1955,,,,
"1.Bharti Airtel Ltd.,",bharti airtel,L74899DL1995PLC070609,BHARTI AIRTEL LIMITED,ACTIVE,Public,Company Limited by Shares,"25,00,00,00,000.00","19,98,70,00,510.00",07-07-1995,Delhi,RoC-Delhi,Business Services,"Bharti Crescent 1, Nelson Mandela Road, Vasant Kunj, Phase II,   New Delhi Delhi INDIA 110070",Indian Non-Government Company,nan,,,,
Mahendra Dharwatker,,,,,,,,,,,,,,,,,,,
M/s. S. S. Enterprise,s s enterprise,U31909DL2005PTC142424,B.S.G ENTERPRISE PRIVATE LIMITED,ACTIVE,Private,Company Limited by Shares,"10,00,000.00","1,00,000.00",10-11-2005,Delhi,RoC-Delhi,Manufacturing (Machinery & Equipments),21/4 SHAKTI NAGARDELHI-7 DELHI-7   DELHI-7 Delhi INDIA  ,Indian Non-Government Company,nan,,,,
Sri Bhaskar Chakraborty & Ors.,,,,,,,,,,,,,,,,,,,
"Oriental Insurance Co. Ltd.,",oriental insurance,U66010DL2007PLC248825,CANARA HSBC ORIENTAL BANK OF COMMERCE LIFE INSURANCE COMPANY LIMITED,ACTIVE,Public,Company Limited by Shares,"12,00,00,00,000.00","9,50,00,00,000.00",25-09-2007,Delhi,RoC-Delhi,Insurance,"C-31 and C-32, First Floor Connaught Circus   New Delhi Delhi INDIA 110001",Indian Non-Government Company,nan,,,,
GBM Developers and Promoters,gbm developers and promoters,U45200CH2005PTC029018,GBM DEVELOPERS AND PROMOTERS PRIVATE LIMITED,ACTIVE,Private,Company Limited by Shares,"1,00,00,000.00","37,00,000.00",30-09-2005,Chandigarh,RoC-Chandigarh,Construction,SCO 348SECOND FLOOR SECTOR 34   CHANDIGARH Chandigarh INDIA  ,Indian Non-Government Company,30-09-2005,,,,
M/S NUCLEUS PREMIUM PROPERTIES LTD,nucleus premium properties,U70100KL2011PTC028889,NUCLEUS PREMIUM PROPERTIES PRIVATE LIMITED,ACTIVE,Private,Company Limited by Shares,100000,100000,18-07-2011,Kerala,ROC-Ernakulam,Real Estate and Renting,"34/239 C, NEAR MARIYA PARK, PIPE LINE ROAD PADIVATTOM, EDAPALLY   ERNAKULAM Kerala INDIA 682024",Indian Non-Government Company,nan,,,,
DEFENCE CITY DEVELOPERS PVT.LTD.,,,,,,,,,,,,,,,,,,,
ASSISTANT POST MASTER (SB),,,,,,,,,,,,,,,,,,,
The National Insurance Co. Ltd,national insurance,U66030KL1932PLC000776,NATIONAL INSURANCE AND AGRICULTURAL COMPANY LIMITED,DISSOLVED,Public,Company Limited by Shares,1000, -   ,21-03-1932,Kerala,ROC-Ernakulam,Insurance,ALLEPPEY     Kerala INDIA ,Indian Non-Government Company,nan,,,,
"B.M , Sahara India",b m sahara india,U01403AS2011PLC010527,JEEVAN SAHARA AGROCON INDIA LIMITED,ACTIVE,Public,Company Limited by Shares,"10,00,000.00","5,00,000.00",16-05-2011,Assam,RoC-Shillong,Agriculture and Allied Activities,MAIN ROAD P.O. BARPETA ROAD   BARPETA ROAD Assam INDIA 781315,Indian Non-Government Company,16-05-2011,,,,
bank of Baroda,,,,,,,,,,,,,,,,,,,
"1.Chief General manager, Bharat Sanchar Bhavan ,",,,,,,,,,,,,,,,,,,,
MANGALAM ENTERPRISES,mangalam enterprises,U92322RJ2011NPL036676,MEHRANGARH ENTERPRISES,ACTIVE,Private,Company Limited by Shares,5000000,50,11-10-2011,Rajasthan,RoC-Jaipur,"Community, personal & Social Services",UMAID BHAWAN PALACE     JODHPUR Rajasthan INDIA 342006,Indian Non-Government Company,11-10-2011,,,,
"1)	The Branch Manager, Life Insurance Corporation of India,",life insurance corporation of india,U67200WB1936PLC008634,INSURANCE OF INDIA LTD,STRIKE OFF,Public,Company Limited by Shares,100000,10820,25-05-1936,West Bengal,RoC-Kolkata,Finance,"28, WATERLOO STREET, CALCUTTA West Bengal INDIA 700001",Indian Non-Government Company,25-05-1936,,,,
ASHISH PODDAR,,,,,,,,,,,,,,,,,,,
SHANTA MANGESH DEVELOPERS PVT.LTD.THROUGH DIRECTOR MR.VIJAY S.MALLYA AND ANR,,,,,,,,,,,,,,,,,,,
Ms IFFCO M.C. Crop Science Pvt. Ltd.,,,,,,,,,,,,,,,,,,,
Union Of India,union of india,U35911DL1962PTC003730,SAUND ZWEIRED UNION (INDIA) PVT LTD,DORMANT,Private,Company Limited by Shares,"50,00,000.00","15,000.00",02-06-1962,Delhi,RoC-Delhi,Manufacturing (Machinery & Equipments),N.F.    Delhi INDIA ,Indian Non-Government Company,nan,,,,
Adv. Philip Johnnu DSouza,,,,,,,,,,,,,,,,,,,
Col. Girish Kadri,,,,,,,,,,,,,,,,,,,
M/s Zenal Construction Private Ltd,,,,,,,,,,,,,,,,,,,
Central Bank of India,central bank of india,U74899DL1976GOI008069,CENTRAL COTTAGE INDUSTRIES CORPORATION OF INDIA LTD,ACTIVE,Private,Company Limited by Shares,"12,00,00,000.00","10,85,00,000.00",04-02-1976,Delhi,RoC-Delhi,Business Services,"Jawahar Vyapar Bhavan, Janpath   New Delhi Delhi INDIA 110001",Union Government Company,nan,,,,
THE REGIONAL MANAGER-SBI GENERAL INSURANCE CO LTD,,,,,,,,,,,,,,,,,,,
"1. ICICI Lombard General Insurance Co. Ltd., Rep. by its Branch Manager",,,,,,,,,,,,,,,,,,,
Sahara Credit Cooperative Society Ltd. & Anr.,,,,,,,,,,,,,,,,,,,
Shri Ram General Insurance Company Ltd.,shri ram general insurance company,U66030DL2008PLC178669,BEST GENERAL INSURANCE COMPANY LIMITED,ACTIVE,Public,Company Limited by Shares,"1,00,00,00,000.00","25,00,000.00",27-05-2008,Delhi,RoC-Delhi,Insurance,"7TH FLOOR, DCM BUILDING 16, BARAKHAMBA ROAD   NEW DELHI Delhi INDIA 110001",Indian Non-Government Company,nan,,,,
"Sunkara Venkata Bhaskara Ranga Rao, Advocate",,,,,,,,,,,,,,,,,,,
Bajwa Developers Ltd.,bajwa developers,U70101PB2001PLC024692,BAJWA DEVELOPERS LIMITED,ACTIVE,Public,Company Limited by Shares,"10,00,00,000.00","1,09,32,900.00",09-10-2001,Punjab,RoC-Chandigarh,Real Estate and Renting,"SUNNY ENCLAVE DESU MAJRA KHARAR, DISTRICT MOHALI   KHARAR Punjab INDIA 140301",Indian Non-Government Company,nan,,,,
Aditya Mukherjee,,,,,,,,,,,,,,,,,,,
Cholamandalam Finance Co.Ltd.,cholamandalam finance,U65191TN1985PLC011639,CHOLAMANDALAM FINANCE LTD,DISSOLVED,Public,Company Limited by Shares,7000000,1999965,13-03-1985,Tamil Nadu,RoC-Chennai,Finance,"TIAM HOUSE""", NO. 28, RAJAJIROAD, MADRAS    ROAD," MADRAS Tamil Nadu INDIA """,Indian Non-Government Company,13-03-1985
Jalandhar Improvement Trust,,,,,,,,,,,,,,,,,,,
M/s. Bengal Shelter Housing Development Ltd.,bengal shelter housing development,U70101WB2004PLC097716,BENGAL SHELTER HOUSING DEVELOPMENT LIMITED,ACTIVE,Public,Company Limited by Shares,550000000,506000000,28-01-2004,West Bengal,RoC-Kolkata,Real Estate and Renting,"CB-63 SECTOR-I, SALT LAKE KOLKATA West Bengal INDIA 700064",Indian Non-Government Company,28-01-2004,,,,
Bharti AXA General Insurance Co. Ltd,bharti axa general insurance,U66030KA2007PLC043362,BHARTI AXA GENERAL INSURANCE COMPANY LIMITED,ACTIVE,Public,Company Limited by Shares,15000000000,11868319770,13-07-2007,Karnataka,RoC-Bangalore,Insurance,"First Floor, The Ferns Icon,Survey No. 28,Next to Akme Ballet, Doddanekundi, Off Outer Ring Road   Bangalore Karnataka INDIA 560037",Others,13-07-2007,,,,
"Branch Manger, SREI Equipement Finance Ltd.",manger srei equipement finance,U70101WB2006PLC109898,SREI EQUIPMENT FINANCE LIMITED,ACTIVE,Public,Company Limited by Shares,750000000,596600000,13-06-2006,West Bengal,RoC-Kolkata,Real Estate and Renting,"VISHWAKARMA', 86C, TOPSIA ROAD, KOLKATA West Bengal INDIA 700046",Indian Non-Government Company,13-06-2006,,,,
"Electricity Department, Government of Goa & others",,,,,,,,,,,,,,,,,,,
Kanchan Bala Ray,,,,,,,,,,,,,,,,,,,
"B.M , Tata AIG General Insurance Co.Ltd.",,,,,,,,,,,,,,,,,,,
"The Manager, Business Centre Hub, National Insurance Co. Ltd.,",business centre hub national insurance,U10200WB1906GOI001713,NATIONAL INSURANCE CO LTD,ACTIVE,Public,Company Limited by Shares,2000000000,1000000000,05-12-1906,West Bengal,RoC-Kolkata,Mining & Quarrying,"3 MIDDLETON STREET, KOLKATA West Bengal INDIA 700071",Union Government Company,05-12-1906,,,,
"Tata Motors Finance Ltd.,",tata motors finance,U50100BR1981PTC001518,DINESH MOTORS & FINANCE PRIVATE LIMITED,ACTIVE,Private,Company Limited by Shares,"25,00,000.00","17,33,000.00",04-04-1981,Bihar,RoC-Patna,Trading,"ROAD NO.3, KHASMAHAL, CHIRYATAND PS- JAKANPUR   PATNA Bihar INDIA 800001",Indian Non-Government Company,04-04-1981,,,,
Sanjay Shaw alias Sanjay Kumar Shaw,,,,,,,,,,,,,,,,,,,
"1. The Branch Manager, Sahara India Pariwar and 3 others",,,,,,,,,,,,,,,,,,,
"Manager, United Bank of India",united bank of india,UTBI,UNITED BANK OF INDIA,ACTIVE,Public,Company Limited by Shares,30000000000,nan,05-01-1955,West Bengal,RoC-Kolkata,nan,"16, Old Court House Street Calcutta West Bengal INDIA",Indian Non-Government Company,05-01-1955,,,,
ALLAHABAD BANK,allahabad bank,U65923UP1936PLC000722,THE ALLAHABAD COMMERICAL BANK LTD,UNDER PROCESS OF STRIKING OFF,Public,Company Limited by Shares,50000, -   ,24-04-1936,Uttar Pradesh,RoC-Kanpur,Finance,7A LOWTHER ROAD    ALLAHABED Uttar Pradesh INDIA ,Indian Non-Government Company,24-04-1936,,,,
M/S.NEW INDIA ASSURANCE CO LTD,new india assurance,U74999TN1934PLC001773,THE NEW GUARDIAN OF INDIA LIFE ASSURANCE COMPANY LIMITED,DORMANT,Public,Company Limited by Shares,500000, -   ,11-09-1934,Tamil Nadu,RoC-Chennai,Business Services,MADRAS     Tamil Nadu INDIA ,Indian Non-Government Company,11-09-1934,,,,
NATIONAL INSU. CO.LTD.,,,,,,,,,,,,,,,,,,,
Agriculture Insurance Com of India Ltd,agriculture insurance com of india,U74999DL2002PLC118123,AGRICULTURE INSURANCE COMPANY OF INDIA LIMITED,ACTIVE,Public,Company Limited by Shares,"15,00,00,00,000.00","2,00,00,00,000.00",20-12-2002,Delhi,RoC-Delhi,Business Services,"13th FLOOR, AMBADEEP BUILDING, KASTURBA GANDHI MARG,   NEW DELHI Delhi INDIA 110001",Indian Non-Government Company,nan,,,,
M/S.RAJESH G.GHARAT INFRA PVT.LTD.THROUGH IS DIRECTOR MR.RAJESH G.GHARAT,,,,,,,,,,,,,,,,,,,
"Branch Head, Tata Motors Finance Ltd.",,,,,,,,,,,,,,,,,,,
KAVALJEET SINGH,,,,,,,,,,,,,,,,,,,
Basanta Sahoo,,,,,,,,,,,,,,,,,,,
GEORGE VAZHAPPALLY THOMAS,,,,,,,,,,,,,,,,,,,
SUNITA AGGARWAL,,,,,,,,,,,,,,,,,,,
Lucknow Vikas Pradhikaran,,,,,,,,,,,,,,,,,,,
Sky Rock City Welfare Society,,,,,,,,,,,,,,,,,,,
M/S PARSVNATH DEVELOPERS LTD.,parsvnath developers,U45400DL2008PTC175215,PARSVNATH DEVELOPERS (GMBT) PRIVATE LIMITED,ACTIVE,Private,Company Limited by Shares,"5,00,000.00","5,00,000.00",12-03-2008,Delhi,RoC-Delhi,Construction,"PARSVNATH METRO TOWER, NEAR SHAHDARA METRO STATION, SHAHDARA   DELHI Delhi INDIA 110032",Indian Non-Government Company,nan,,,,
"1. Sri Sai Ganesh Quality Constructions, Rep. by its Managing Partner, 2. Sri Karri Venkata Santhhosh Appa Rao",sai ganesh quality constructions by partner karri venkata santhhosh appa rao,U45201UP1983PLC005929,SHRI GANESH CONSTRUCTIONS LTD,STRIKE OFF,Public,Company Limited by Shares,2000000,7000,18-01-1983,Uttar Pradesh,RoC-Kanpur,Construction,102 B NEW MANDI  MUZAFAR NAGAR   MUZAFAR NAGAR Uttar Pradesh INDIA 251001,Indian Non-Government Company,18-01-1983,,,,
K K VASUDEVAN,k k vasudevan,U72200DL2012PTC241518,VASUDEVAN COMPUTER SERVICES AND TECHNOLOGIES PRIVATE LIMITED,ACTIVE,Private,Company Limited by Shares,"1,00,000.00","1,00,000.00",03-09-2012,Delhi,RoC-Delhi,Business Services,"FLAT NO 203 SWASTIK APPARTMENTS , WARD NO 8, MEHRAULI   DELHI Delhi INDIA 110030",Indian Non-Government Company,nan,,,,
"1.	M/S. SRI VAISHNAVI TOWNSHIPS (INDIA) PVT. LTD, Rep. by its Chairman and Managing Director",,,,,,,,,,,,,,,,,,,
"ESTATE OFFICER, MPHB",,,,,,,,,,,,,,,,,,,
M/S KHANNA PROPERTIES & INFRASTRUCTURE PVT. LTD.,khanna properties & infrastructure,U45200AP2007PTC052395,MATHA ASHAPURI PROPERTIES & INFRASTRUCTURE PRIVATE LIMITED,ACTIVE,Private,Company Limited by Shares,"30,00,000.00","3,00,000.00",19-01-2007,Andhra Pradesh,RoC-Hyderabad,Construction,"ASHAPURI HOUSE DOOR NUMBER: 23-7-17, ISUKAVAGU STREET,R.AGRAHARAM   GUNTUR Andhra Pradesh INDIA 522003",Indian Non-Government Company,19-01-2007,,,,
Coca Cola India Ltd,coca cola india,U11200DL2008NPL183363,COCA-COLA INDIA FOUNDATION,ACTIVE,Private,Company Limited by Shares,"5,00,000.00","5,00,000.00",17-09-2008,Delhi,RoC-Delhi,Mining & Quarrying,13 Abul Fazal Road Bengali Market   New Delhi Delhi INDIA 110001,Company licensed under Section25,nan,,,,
ICICI BANK LTD.AND ORS,,,,,,,,,,,,,,,,,,,
PAREENA INFRASTRUCTURE PVT. LTD.,pareena infrastructure,U45209HP2010NPL031349,BADDI INFRASTRUCTURE,ACTIVE,Public,Company Limited by Shares,"5,00,00,000.00","5,00,000.00",06-05-2010,Himachal Pradesh,RoC-Himachal Pradesh,Construction,S.W.C.A (DIC BUILDING) BADDI-BAROTIWALA ROAD   BADDI Himachal Pradesh INDIA 173205,Company licensed under Section25,06-05-2010,,,,
LIfe Insurance Corporation of India,life insurance corporation of india,U67200WB1936PLC008634,INSURANCE OF INDIA LTD,STRIKE OFF,Public,Company Limited by Shares,100000,10820,25-05-1936,West Bengal,RoC-Kolkata,Finance,"28, WATERLOO STREET, CALCUTTA West Bengal INDIA 700001",Indian Non-Government Company,25-05-1936,,,,
M/s. Millennium India Construction & Ors.,millennium india construction & ors,U45201DL1998PTC093684,MILLENNIUM CONSTRUCTION PRIVATE LIMITED,ACTIVE,Private,Company Limited by Shares,"2,00,00,000.00","2,00,00,000.00",06-05-1998,Delhi,RoC-Delhi,Construction,C-223 MIG FLATS SAKET   NEW DELHI Delhi INDIA 110017,Indian Non-Government Company,nan,,,,
JACOB T JOHN,,,,,,,,,,,,,,,,,,,
Mohan Chandra Padey,mohan chandra padey,U74999HR2014PTC052793,MOHAN'S AND CHANDRA SERVICES PRIVATE LIMITED,ACTIVE,Private,Company Limited by Shares,"1,00,000.00","1,00,000.00",21-07-2014,Haryana,RoC-Delhi,Business Services,"M-169, FF Today Homes, Sector 51,   Gurgaon Haryana INDIA 122018",Indian Non-Government Company,21-07-2014,,,,
KDP Infrastricture Pvt Ltd,,,,,,,,,,,,,,,,,,,
"Branch Manager,Cholamandalam Investment & Finance Co. Ltd.",cholamandalam investment & finance,L65993TN1978PLC007576,CHOLAMANDALAM INVESTMENT AND FINANCE COMPANY LIMITED,ACTIVE,Public,Company Limited by Shares,7400000000,6436558030,17-08-1978,Tamil Nadu,RoC-Chennai,Finance,"DARE HOUSE  NO. 2 N S C BOSE ROAD, PARRYS    CHENNAI Tamil Nadu INDIA 600001",Indian Non-Government Company,17-08-1978,,,,
"The Union of India, Rep. by The General Manager, South Central Railway",,,,,,,,,,,,,,,,,,,
H.K.Prakash,h k prakash,U70101KA1989PTC010405,K. PRAKASH CHAND BETHALA PROPERTIES PRIVATE LIMITED,DORMANT,Private,Company Limited by Shares,500000,500000,27-09-1989,Karnataka,RoC-Bangalore,Real Estate and Renting,"NO. 868,5TH CROSS, 17TH MAIN,6TH BLOCK KORAMANGALA, BANGALORE   BANGALORE Karnataka INDIA 560034",Indian Non-Government Company,27-09-1989,,,,
"1. The Branch Manager, Life Insurance Corporation of India, Gudur, S.P.S. Nellore District",life insurance corporation of india gudur s p s nellore district,U67200WB1936PLC008634,INSURANCE OF INDIA LTD,STRIKE OFF,Public,Company Limited by Shares,100000,10820,25-05-1936,West Bengal,RoC-Kolkata,Finance,"28, WATERLOO STREET, CALCUTTA West Bengal INDIA 700001",Indian Non-Government Company,25-05-1936,,,,
M/s. Neo Built Infrastructure Pvt. Ltd. & Anr.,neo built infrastructure &,U70101WB2006PTC111003,NEO BUILT INFRASTRUCTURE PRIVATE LIMITED,ACTIVE,Private,Company Limited by Shares,10000000,5000000,29-07-2006,West Bengal,RoC-Kolkata,Real Estate and Renting,EVEREST BUILDING R NO 1B 46C CHOWRINGHEE ROAD West Bengal INDIA 700071,Indian Non-Government Company,29-07-2006,,,,
United India Insurance Co.Ltd.,united india insurance,U66010TN1938GOI003099,UNITED INDIA INSURANCE CO LTD(01.01.73),DISSOLVED,Private,Company Limited by Guarantee, -   , -   ,18-12-1938,Tamil Nadu,RoC-Chennai,Insurance,"24, WHITE ROAD, P.B.NO.676,MADRAS-14.     MADRAS-14. Tamil Nadu INDIA  ",Indian Non-Government Company,18-12-1938,,,,
Manoj Kumar Agrawala,,,,,,,,,,,,,,,,,,,
Cholamandalam Investments and Finance Co. Ltd.,cholamandalam investments and finance,U65191TN1985PLC011639,CHOLAMANDALAM FINANCE LTD,DISSOLVED,Public,Company Limited by Shares,7000000,1999965,13-03-1985,Tamil Nadu,RoC-Chennai,Finance,"TIAM HOUSE""", NO. 28, RAJAJIROAD, MADRAS    ROAD," MADRAS Tamil Nadu INDIA """,Indian Non-Government Company,13-03-1985
Indusind Bank Ltd.,indusind bank,IDIB,INDIAN BANK,ACTIVE,Public,Company Limited by Shares,30000000000, -   ,05-01-1955,Tamil Nadu,RoC-Chennai,nan,"Indian Bank Building P.B.No.1384 31, Rajaji Road Chennai Tamil Nadu INDIA  ",Indian Non-Government Company,05-01-1955,,,,
ANHEUSER BUSH INBEV INDIA LTD,,,,,,,,,,,,,,,,,,,
DCI India Pvt. Ltd.,dci india,U51500DL2006PTC152095,DCI INDIA PRIVATE LIMITED,ACTIVE,Private,Company Limited by Shares,"1,00,00,000.00","84,73,710.00",17-08-2006,Delhi,RoC-Delhi,Trading,"JA1023, DLF TOWER A JASOLA DISTRICT CENTER   NEW DELHI Delhi INDIA 110044",Indian Non-Government Company,nan,,,,
LIC HFL Care Homes Ltd.,,,,,,,,,,,,,,,,,,,
SMT.KUSUMLATA JAIN,,,,,,,,,,,,,,,,,,,
Sahara Prime City Limited,sahara prime city,U65921UP1993PLC015170,SAHARA PRIME CITY LIMITED,ACTIVE,Public,Company Limited by Shares,18000000000,5667750800,09-03-1993,Uttar Pradesh,RoC-Kanpur,Finance,"Sahara India Centre 2, Kapoorthala Complex, Aliganj   Lucknow Uttar Pradesh INDIA 226024",Indian Non-Government Company,09-03-1993,,,,
KERALA WATER AUTHORITY,,,,,,,,,,,,,,,,,,,
Seva Sahkari Samiti Maryadit,,,,,,,,,,,,,,,,,,,
"1. M/s. Global Entropolis (Vizag) Pvt. Ltd., (Shriram Properties), Rep. by its Authorized Signatory/Incharge/Branch Manager",,,,,,,,,,,,,,,,,,,
M/s Sushma Constructions & others,sushma constructions & others,U45201UP2013PTC060463,SUSHMA CONSTRUCTIONS PRIVATE LIMITED,ACTIVE,Private,Company Limited by Shares,25000000,24100000,07-11-2013,Uttar Pradesh,RoC-Kanpur,Construction,"1, UNIVERSITY ROAD NEAR I.T. CROSSING   LUCKNOW Uttar Pradesh INDIA 226001",Indian Non-Government Company,07-11-2013,,,,
ICICI Lombard General Insurance Co. Ltd.,,,,,,,,,,,,,,,,,,,
MANOJ,manoj,U36996AP2014PTC092799,MANOJ VAIBHAV JEWELLERS PRIVATE LIMITED,ACTIVE,Private,Company Limited by Shares,"9,00,00,000.00","8,98,15,740.00",06-02-2014,Andhra Pradesh,RoC-Hyderabad,Manufacturing (Others),"D.NO.7A-9-21/1, MAIN BAZAR   ELURU Andhra Pradesh INDIA 534001",Indian Non-Government Company,06-02-2014,,,,
Mr Prakash Shankar Kore,,,,,,,,,,,,,,,,,,,
LOK RAM SHARMA,lok ram sharma,U74999DL1996PTC078534,RAM KUMAR SHARMA FINLEASE PRIVATE LIMITED,DORMANT,Private,Company Limited by Shares,"2,00,000.00",200,26-04-1996,Delhi,RoC-Delhi,Business Services,294/2  SURINDER COLONY JHARODAMAJRA BURAI   DELHI Delhi INDIA ,Indian Non-Government Company,nan,,,,
HDFC BANK LTD.,,,,,,,,,,,,,,,,,,,
Aviva Life Insurance,aviva life insurance,U66010DL2000PLC107880,AVIVA LIFE INSURANCE COMPANY INDIA LTD,ACTIVE,Public,Company Limited by Shares,"25,00,00,00,000.00","20,04,90,00,000.00",25-09-2000,Delhi,RoC-Delhi,Insurance,2ND FLOORPRAKASHDEP BUILDING 7 TOLSTOY MARG   NEW DELHI Delhi INDIA 110001,Indian Non-Government Company,nan,,,,
LIFE INSURANCE CORPORATION OF INDIA & ANR.,life insurance corporation of india &,U67200WB1936PLC008634,INSURANCE OF INDIA LTD,STRIKE OFF,Public,Company Limited by Shares,100000,10820,25-05-1936,West Bengal,RoC-Kolkata,Finance,"28, WATERLOO STREET, CALCUTTA West Bengal INDIA 700001",Indian Non-Government Company,25-05-1936,,,,
M/S.KUSHI DEVELOPERS PVT.LTD.THROUGH ITS DIRECTOR SMT.SUJATA R.NIKALJI,kushi developers sujata r nikalji,U70109WB1988PTC043857,SUJATA DEVELOPERS PVT LTD,ACTIVE,Private,Company Limited by Shares,1500000,210000,26-02-1988,West Bengal,RoC-Kolkata,Real Estate and Renting,"22,AMARTOLLA STREET KOLKATA West Bengal INDIA 700001",Indian Non-Government Company,26-02-1988,,,,
The Executive Engineer(Electrical) NESCO Utility,,,,,,,,,,,,,,,,,,,
Raj Mohan Parmar,,,,,,,,,,,,,,,,,,,
"Executive Engineer, Electricity Distribution Division",,,,,,,,,,,,,,,,,,,
GAYATRI SHARMA,,,,,,,,,,,,,,,,,,,
M/S Dharitri InfravenTure Pvt. Ltd.,dharitri infraventure,U45400WB2014PTC201136,DHARITRI INFRAVENTURE PRIVATE LIMITED,ACTIVE,Private,Company Limited by Shares,100000,100000,19-03-2014,West Bengal,RoC-Kolkata,Construction,P 670 BLOCK A LAKETOWN KOLKATA West Bengal INDIA 700089,Indian Non-Government Company,19-03-2014,,,,
Punjab State Power Corporation Limited,punjab state power corporation,U40109PB2010SGC033813,PUNJAB STATE POWER CORPORATION LIMITED,ACTIVE,Public,Company Limited by Shares,"2,00,00,00,00,000.00","60,81,47,42,590.00",16-04-2010,Punjab,RoC-Chandigarh,"Electricity, Gas & Water companies","PSEB, HEAD OFFICE THE MALL   PATIALA Punjab INDIA 147001",State Government Company,16-04-2010,,,,
Md. Siraj Uddin,,,,,,,,,,,,,,,,,,,
JVVNL,,,,,,,,,,,,,,,,,,,
Anand Singh,anand singh,U74899DL1992PTC050226,VIR SINGH SANTOKH SINGH ANAND (FABRICATORS) PRIVATE LIMITED,ACTIVE,Private,Company Limited by Shares,"15,00,000.00","14,79,000.00",07-09-1992,Delhi,RoC-Delhi,Business Services,5070/1SANT NAGAR D B GUPTA ROAD KAROL BAGH   NEW DELHI Delhi INDIA 110005,Indian Non-Government Company,nan,,,,
COL K K NAIR ( RETD ),,,,,,,,,,,,,,,,,,,
"1. The Sahara Credit Co operative Society Ltd., and another",,,,,,,,,,,,,,,,,,,
INDORE DEV.AUTHORITY,,,,,,,,,,,,,,,,,,,
Antonio Joao Bosco Lobo & another,,,,,,,,,,,,,,,,,,,
DDA,dda,U70109CH2013PTC034749,DDA HOLDING PRIVATE LIMITED,ACTIVE,Private,Company Limited by Shares,"1,00,000.00","1,00,000.00",26-09-2013,Chandigarh,RoC-Chandigarh,Real Estate and Renting,#235 SECTOR 9C   CHANDIGARH Chandigarh INDIA 160017,Indian Non-Government Company,26-09-2013,,,,
P. laxman Kumar,,,,,,,,,,,,,,,,,,,
MPMKVVCO.LTD.,,,,,,,,,,,,,,,,,,,
Natiosnal Insurnce Company Limited,,,,,,,,,,,,,,,,,,,
Pothani Bhoomaiah,,,,,,,,,,,,,,,,,,,
"1. M/s. Jaya Parameswari Construction (P) Ltd., Rep. by its Director, Nagothu Sowraiah",,,,,,,,,,,,,,,,,,,
KASHI PRASD SAHU,,,,,,,,,,,,,,,,,,,
United India Insurance Co. Ltd.,united india insurance,U66010TN1938GOI003099,UNITED INDIA INSURANCE CO LTD(01.01.73),DISSOLVED,Private,Company Limited by Guarantee, -   , -   ,18-12-1938,Tamil Nadu,RoC-Chennai,Insurance,"24, WHITE ROAD, P.B.NO.676,MADRAS-14.     MADRAS-14. Tamil Nadu INDIA  ",Indian Non-Government Company,18-12-1938,,,,
Dr. Rekibuddin Ahmed,,,,,,,,,,,,,,,,,,,
"1.State Bank of India,",state bank of india,U24119DL1976PLC008026,STATE CHEMICALS AND PHARMACEUTICALS CORPORATION OF INDIA LIMITED,DORMANT,Public,Company Limited by Shares,"5,00,00,000.00","10,00,000.00",01-01-1976,Delhi,RoC-Delhi,"Manufacturing (Metals & Chemicals, and products thereof)","36 JANPATH CHANDRA LOK""    NEWDELHI Delhi INDIA """,Indian Non-Government Company,nan,,,,
BHARTI AXA GENERAL INSURANCE CO.LTD.,bharti axa general insurance,U66030KA2007PLC043362,BHARTI AXA GENERAL INSURANCE COMPANY LIMITED,ACTIVE,Public,Company Limited by Shares,15000000000,11868319770,13-07-2007,Karnataka,RoC-Bangalore,Insurance,"First Floor, The Ferns Icon,Survey No. 28,Next to Akme Ballet, Doddanekundi, Off Outer Ring Road   Bangalore Karnataka INDIA 560037",Others,13-07-2007,,,,
Tinsukia Development Authority,tinsukia development authority,U72900DL2012NPL230304,ZMQ DEVELOPMENT,ACTIVE,Private,Company Limited by Shares,"5,00,000.00","5,00,000.00",20-01-2012,Delhi,RoC-Delhi,Business Services,"187, VAISHALI PITAMPURA   DELHI Delhi INDIA 110088",Indian Non-Government Company,nan,,,,
"M/s. Country Club & Country Vacations,",country club & country vacations,U63040KL2003PTC016583,MONSOON COUNTRY VACATIONS PRIVATE LIMITED,ACTIVE,Private,Company Limited by Shares,200000,200000,31-10-2003,Kerala,ROC-Ernakulam,"Transport, storage and Communications",616/F MANNULLY BUILDINGK P VALLON ROAD KADAVANTHRA P O KOCHI   ERNAKULAM Kerala INDIA 682020,Indian Non-Government Company,nan,,,,
"1. Guntupalli Rama Rao, 2. The Manager, Reliance Retail Lmited, 3. The Manager, Bajaj Allianz General Insurance Co. Ltd., 4. The Manager, Samsung Service Centre",,,,,,,,,,,,,,,,,,,
State Bank of India,state bank of india,U24119DL1976PLC008026,STATE CHEMICALS AND PHARMACEUTICALS CORPORATION OF INDIA LIMITED,DORMANT,Public,Company Limited by Shares,"5,00,00,000.00","10,00,000.00",01-01-1976,Delhi,RoC-Delhi,"Manufacturing (Metals & Chemicals, and products thereof)","36 JANPATH CHANDRA LOK""    NEWDELHI Delhi INDIA """,Indian Non-Government Company,nan,,,,
"1.	Andhra Bank, Rep by its Branch Manager and another",andhra bank by and,ANDB,ANDHRA BANK,ACTIVE,Public,Company Limited by Shares,"30,00,00,00,000.00", -   ,05-01-1955,Andhra Pradesh,RoC-Hyderabad,nan,"Head Office Dr. Pattabhi Bhavan 5-9-11, Secretariat Road,Saifabad Hyderabad Andhra Pradesh INDIA  ",Indian Non-Government Company,05-01-1955,,,,
Smt.Aruna.K.B.,aruna k b,U74899DL1993PLC056602,M K ARUNA LEASING AND PRODUCTS LIMITED,ACTIVE,Public,Company Limited by Shares,"25,00,000.00","17,64,000.00",23-12-1993,Delhi,RoC-Delhi,Business Services,20/8 SHAKTI NAGAR    DELHI Delhi INDIA 110007,Indian Non-Government Company,nan,,,,
1.Meeta Jain,,,,,,,,,,,,,,,,,,,
JAI BHAGWAN SHARMA & ANR.,,,,,,,,,,,,,,,,,,,
Resident Engineer Rajasthan Housing Board,resident engineer rajasthan housing board,U93000RJ2014NPL045542,YPO RAJASTHAN,ACTIVE,Public,Company Limited by Guarantee, -   , -   ,31-03-2014,Rajasthan,RoC-Jaipur,"Community, personal & Social Services","556, 5th Floor, Sunny Mart, New Aatish Market, Mansarovar   JAIPUR Rajasthan INDIA 302020",Indian Non-Government Company,31-03-2014,,,,
THE NEW INDIA ASSURANCE CO.LTD.,new india assurance,U74999TN1934PLC001773,THE NEW GUARDIAN OF INDIA LIFE ASSURANCE COMPANY LIMITED,DORMANT,Public,Company Limited by Shares,500000, -   ,11-09-1934,Tamil Nadu,RoC-Chennai,Business Services,MADRAS     Tamil Nadu INDIA ,Indian Non-Government Company,11-09-1934,,,,
Bhaskar Begari,,,,,,,,,,,,,,,,,,,
Ramji Khamari,,,,,,,,,,,,,,,,,,,
VARGHEESE,,,,,,,,,,,,,,,,,,,
Rajesh Kumar Rai,rajesh kumar rai,U67190BR2004PTC010884,RAJESH KUMAR SURVEYORS PRIVATE LIMITED,UNDER PROCESS OF STRIKING OFF,Private,Company Limited by Shares,"1,00,000.00","1,00,000.00",05-08-2004,Bihar,RoC-Patna,Finance,BLOCK NO- 3137 GOLJ MARKETRAJENDRA NAGAR P.S- KADAM KUAN P.O RAJENDRA NAGAR PATNA   KUAN P O RAJENDRA NAGAR PATNA Bihar INDIA ,Indian Non-Government Company,05-08-2004,,,,
Hinduja Leyland Finance Ltd.,hinduja leyland finance,U65993TN2008PLC069837,HINDUJA LEYLAND FINANCE LIMITED,ACTIVE,Public,Company Limited by Shares,6229077000,3782176190,12-11-2008,Tamil Nadu,RoC-Chennai,Finance,1 Sardar Patel Road Guindy   Chennai Tamil Nadu INDIA 600032,Indian Non-Government Company,12-11-2008,,,,
Syed Nizam Ali,,,,,,,,,,,,,,,,,,,
Vikramjit Singh,,,,,,,,,,,,,,,,,,,
"1. Bajaj Allianz Life Insurance Company Ltd., Rep. by its Authorised Signatory and another",bajaj allianz life insurance company by authorised signatory and,U00000DL1990PTC041995,BAJAJ AND COMPANY PVT LTD,ACTIVE,Private,Company Limited by Shares,"75,00,000.00","49,50,000.00",08-11-1990,Delhi,RoC-Delhi,nan,104 B MAHARANI BAGHFIRST FLOOR     NEW DELHI Delhi INDIA 110065,Indian Non-Government Company,nan,,,,
SAHARA CREDIT COPRATIVE SOCIETY LTD.,,,,,,,,,,,,,,,,,,,
VED SHLOK Through its Partners,,,,,,,,,,,,,,,,,,,
RELIANCE GENERAL INSURANCE COM.LTD.,reliance general insurance com,U67200WB1956PLC022802,MARINE & GENERAL INSURANCE CO LTD,STRIKE OFF,Public,Company Limited by Shares,2000000,210000,05-01-1956,West Bengal,RoC-Kolkata,Finance,"4 GOVERNMENT PLACE, (NORTH) KOLKATA West Bengal INDIA 700001",Indian Non-Government Company,05-01-1956,,,,
L .I. C. of India,l i c of india,U01403TN2006PTC061388,P C HYDRIL TECHNICAL SERVICES OF INDIA PRIVATE LIMITED,ACTIVE,Private,Company Limited by Shares,500000,100000,27-10-2006,Tamil Nadu,RoC-Chennai,Agriculture and Allied Activities,"55, Keevalur Road, Thandalam Village & Post   Sriperumpudur Tamil Nadu INDIA 602105",Indian Non-Government Company,27-10-2006,,,,
P. Ravikumar,p ravikumar,U63040KA2007PTC044048,RAVIKUMAR MUNIRAMAIAH TOURS & TRAVELS PRIVATE LIMITED,ACTIVE,Private,Company Limited by Shares,100000,100000,05-10-2007,Karnataka,RoC-Bangalore,"Transport, storage and Communications","NO.6, V.M.MEADOWS, GROUND FLOOR, NEAR RAILWAY GATE HORAMAVU MAIN ROAD, HORAMAVU POST   BANGALORE Karnataka INDIA 560043",Indian Non-Government Company,05-10-2007,,,,
RELIGARE HEALTH INSU.CO.LTD.,religare health insu,U66000DL2007PLC161503,RELIGARE HEALTH INSURANCE COMPANY LIMITED,ACTIVE,Public,Company Limited by Shares,"4,00,00,00,000.00","3,50,00,00,000.00",02-04-2007,Delhi,RoC-Delhi,Insurance,"D3, P3B, DISTRICT CENTRE, SAKET   NEW DELHI Delhi INDIA 110017",Indian Non-Government Company,nan,,,,
1. Smt. Maduri Satya Laxmi,,,,,,,,,,,,,,,,,,,
Smt. Susmita Chakraborty,,,,,,,,,,,,,,,,,,,
The BEML Employees Co-operative Society Ltd,,,,,,,,,,,,,,,,,,,
M/s Balaji Builders & Developers,balaji builders & developers,U45201KA2005PTC037075,SRI BALAJI LAND DEVELOPERS AND BUILDERS PRIVATE LIMITED,ACTIVE,Private,Company Limited by Shares,500000,500000,26-08-2005,Karnataka,RoC-Bangalore,Construction,"NO 78/29, FIRST FLOOR, BALAJI COMPEX,S G PALYA, TAVAREKERE MAIN ROAD,   BANGALORE Karnataka INDIA 560029",Indian Non-Government Company,26-08-2005,,,,
Kumar.M.K.,kumar m k,U45201AP1999PTC032850,K.KUMAR RAJA PROJECTS PRIVATE LIMITED,ACTIVE,Private,Company Limited by Shares,"6,00,00,000.00","5,53,83,210.00",16-11-1999,Andhra Pradesh,RoC-Hyderabad,Construction,"45-49-12/A,ABID NAGAR VISAKHAPATNAM   ANDHRA PRADESH Andhra Pradesh INDIA 530016",Indian Non-Government Company,16-11-1999,,,,
Dr. Mahmud Ali,,,,,,,,,,,,,,,,,,,
"1. M/s. HDFC Standard Life Insurance Company Ltd., Represented by its Managing Director, 2. The Branch Manager, HDFC Standard Life Insurance Company Ltd.,",,,,,,,,,,,,,,,,,,,
Suman Rani,,,,,,,,,,,,,,,,,,,
Ms. Deepali Sharma,,,,,,,,,,,,,,,,,,,
"The State of Maharashtra through The Collector, Sangli etc.",,,,,,,,,,,,,,,,,,,
Sunny Rock Estates and Developers Pvt. Ltd.,sunny rock estates and developers,U70101WB1995PTC068217,SUNNY ROCK ESTATES & DEVELOPERS PVT LTD,ACTIVE,Private,Company Limited by Shares,17500000,6456000,09-02-1995,West Bengal,RoC-Kolkata,Real Estate and Renting,"17, COLONEL BISWAS ROAD KOLKATA West Bengal INDIA 700019",Indian Non-Government Company,09-02-1995,,,,
State Bank of India & Another,state bank of india &,U24119DL1976PLC008026,STATE CHEMICALS AND PHARMACEUTICALS CORPORATION OF INDIA LIMITED,DORMANT,Public,Company Limited by Shares,"5,00,00,000.00","10,00,000.00",01-01-1976,Delhi,RoC-Delhi,"Manufacturing (Metals & Chemicals, and products thereof)","36 JANPATH CHANDRA LOK""    NEWDELHI Delhi INDIA """,Indian Non-Government Company,nan,,,,
SAIKALP ENTERPRISES Through MR. GIRISH P. PANCHAL,,,,,,,,,,,,,,,,,,,
HDFC Bank Ltd,,,,,,,,,,,,,,,,,,,
"1.	New India Assurance Company Ltd., Rep. by its Branch Manager",new india assurance company by,U74999TN1934PLC001773,THE NEW GUARDIAN OF INDIA LIFE ASSURANCE COMPANY LIMITED,DORMANT,Public,Company Limited by Shares,500000, -   ,11-09-1934,Tamil Nadu,RoC-Chennai,Business Services,MADRAS     Tamil Nadu INDIA ,Indian Non-Government Company,11-09-1934,,,,
Dr. D. J. De Souza,,,,,,,,,,,,,,,,,,,
Santosh Kumar Guru,santosh kumar guru,U45201BR2008PTC013728,SANTOSH KUMAR YADAV CONSTRUCTION PRIVATE LIMITED,UNDER PROCESS OF STRIKING OFF,Private,Company Limited by Shares,"5,00,000.00", -   ,18-06-2008,Bihar,RoC-Patna,Construction,"71, VILL - HARIRAHA, RUSTAMPUR ANCHAL- LAUKAHI   MADHUBANI Bihar INDIA 847108",Indian Non-Government Company,18-06-2008,,,,
M/s Sri Venkateswara Estates & Buildes,venkateswara estates & buildes,U70102AP1999PTC030961,PITTA VENKATESWARA HOUSING AND REAL ESTATES PRIVATE LIMITED,DORMANT,Private,Company Limited by Shares,"1,00,000.00", -   ,22-01-1999,Andhra Pradesh,RoC-Hyderabad,Real Estate and Renting,H NO. 76-6-4OPPOSITE SUPRAJA HOSPITALS GANDHIPURAM   RAJAHMUNDRY-2. Andhra Pradesh INDIA  ,Indian Non-Government Company,22-01-1999,,,,
"United India Insurance Co. Ltd.,",united india insurance,U66010TN1938GOI003099,UNITED INDIA INSURANCE CO LTD(01.01.73),DISSOLVED,Private,Company Limited by Guarantee, -   , -   ,18-12-1938,Tamil Nadu,RoC-Chennai,Insurance,"24, WHITE ROAD, P.B.NO.676,MADRAS-14.     MADRAS-14. Tamil Nadu INDIA  ",Indian Non-Government Company,18-12-1938,,,,
Chhattisgarh Housing Board,chhattisgarh housing board,U45400CT2011SGC000066,CHHATTISGARH POLICE HOUSING CORPORATION LIMITED,ACTIVE,Public,Company Limited by Shares,"2,00,00,000.00","2,00,00,000.00",14-12-2011,Chhattisgarh,RoC-Chhattisgarh,Construction,"NEELBASANT, PLOT NO. 20 RAVI NAGAR,BLOCK C"""," BABU JAGJIVANRAM WARD   RAIPUR Chhattisgarh INDIA 492001""",State Government Company,14-12-2011,,,
"M/s. Gayathri Towers, represented by its Managing Partner",,,,,,,,,,,,,,,,,,,
C & C Towers Ltd,c & c towers,U74899DL1994PTC060163,K C TOWERS PRIVATE LIMITED,ACTIVE,Private,Company Limited by Shares,"5,00,000.00","1,00,000.00",11-07-1994,Delhi,RoC-Delhi,Business Services,"118 ,UFF ,PRAKASHDEEP 7 TOLSTOY MARG   NEW DELHI Delhi INDIA 110001",Indian Non-Government Company,nan,,,,
SHRI MANOJ M. CHOUDHARI,,,,,,,,,,,,,,,,,,,
Ansal Properties & Infrastructure Ltd.,ansal properties & infrastructure,L45101DL1967PLC004759,ANSAL PROPERTIES AND INFRASTRUCTURE LIMITED,ACTIVE,Public,Company Limited by Shares,"1,50,00,00,000.00","78,70,24,380.00",30-06-1967,Delhi,RoC-Delhi,Construction,115 ANSAL BHAWAN16 K G MARG    NEW DELHI Delhi INDIA 110001,Indian Non-Government Company,nan,,,,
M/S GODREJ & BOYCE MFG. COMPANY LTD.,,,,,,,,,,,,,,,,,,,
STATE BANK OF INDIA,state bank of india,U24119DL1976PLC008026,STATE CHEMICALS AND PHARMACEUTICALS CORPORATION OF INDIA LIMITED,DORMANT,Public,Company Limited by Shares,"5,00,00,000.00","10,00,000.00",01-01-1976,Delhi,RoC-Delhi,"Manufacturing (Metals & Chemicals, and products thereof)","36 JANPATH CHANDRA LOK""    NEWDELHI Delhi INDIA """,Indian Non-Government Company,nan,,,,
"B.M , Chhattisgarh Rajya Gramin Bank",,,,,,,,,,,,,,,,,,,
Chairman U P P C L,,,,,,,,,,,,,,,,,,,
CANARA BANK,canara bank,U66010DL2007PLC248825,CANARA HSBC ORIENTAL BANK OF COMMERCE LIFE INSURANCE COMPANY LIMITED,ACTIVE,Public,Company Limited by Shares,"12,00,00,00,000.00","9,50,00,00,000.00",25-09-2007,Delhi,RoC-Delhi,Insurance,"C-31 and C-32, First Floor Connaught Circus   New Delhi Delhi INDIA 110001",Indian Non-Government Company,nan,,,,
U.I.I.Co. Ltd,u i i,U55100AN2009PTC000115,U AND I RESORTS PRIVATE LIMITED,ACTIVE,Private,Company Limited by Shares,"10,00,000.00","72,079.00",18-06-2009,Andaman and Nicobar Islands,RoC-Chennai,Trading,HAVELOCK     PORT BLAIR Andaman and Nicobar Islands INDIA 744211,Indian Non-Government Company,18-06-2009,,,,
SH. RAKESH KUMAR BHOLA & ANR.,,,,,,,,,,,,,,,,,,,
Estate Officer Chhattisgarh Housing Board,,,,,,,,,,,,,,,,,,,
Prashant Kumar,,,,,,,,,,,,,,,,,,,
M/s. Landmark Associate,,,,,,,,,,,,,,,,,,,
"1.M/s. Alchemist Township India Ltd.,",alchemist township india,U70100DL2006PLC263246,ALCHEMIST TOWNSHIP INDIA LIMITED,ACTIVE,Public,Company Limited by Shares,"5,00,00,000.00","1,00,00,000.00",04-07-2006,Delhi,RoC-Delhi,Real Estate and Renting,"411-412, Ansal Tower-38 Nehru Place,   New Delhi Delhi INDIA 110019",Indian Non-Government Company,nan,,,,
Haren Nath,,,,,,,,,,,,,,,,,,,
Nisaruddin Ahmed Jeddy,,,,,,,,,,,,,,,,,,,
MR.SURAJ MOTILAL GUPTA AND ANR,,,,,,,,,,,,,,,,,,,
ORIENTAL INSURANCE CO. LTD. & ANR.,oriental insurance &,U66010DL2007PLC248825,CANARA HSBC ORIENTAL BANK OF COMMERCE LIFE INSURANCE COMPANY LIMITED,ACTIVE,Public,Company Limited by Shares,"12,00,00,00,000.00","9,50,00,00,000.00",25-09-2007,Delhi,RoC-Delhi,Insurance,"C-31 and C-32, First Floor Connaught Circus   New Delhi Delhi INDIA 110001",Indian Non-Government Company,nan,,,,
Dr. Mridupawan Saikia,,,,,,,,,,,,,,,,,,,
Smt.Manjula,manjula,U45203AP2011PTC074564,MANJULA GLOBAL CONSTRUCTIONS PRIVATE LIMITED,ACTIVE,Private,Company Limited by Shares,"1,00,00,000.00","1,00,000.00",19-05-2011,Andhra Pradesh,RoC-Hyderabad,Construction,"26-1-94, GAYATRI NAGAR III LINE NEAR CURRENT OFFICE   NELLORE Andhra Pradesh INDIA 524004",Indian Non-Government Company,19-05-2011,,,,
M/S Morpheus Developers Pvt Ltd,morpheus developers,U45200DL2012PTC240832,MORPHEUS DEVELOPERS PRIVATE LIMITED,ACTIVE,Private,Company Limited by Shares,"1,00,00,000.00","1,00,00,000.00",24-08-2012,Delhi,RoC-Delhi,Construction,1 MAIN ROAD MAUJPUR   DELHI Delhi INDIA 110053,Indian Non-Government Company,nan,,,,
Shri Kamal Prasanta Gindora,,,,,,,,,,,,,,,,,,,
"B.M , Central Bank Of India & Ors.",,,,,,,,,,,,,,,,,,,
MS Life Insurance Corporation of India,life insurance corporation of india,U67200WB1936PLC008634,INSURANCE OF INDIA LTD,STRIKE OFF,Public,Company Limited by Shares,100000,10820,25-05-1936,West Bengal,RoC-Kolkata,Finance,"28, WATERLOO STREET, CALCUTTA West Bengal INDIA 700001",Indian Non-Government Company,25-05-1936,,,,
"Varishtha Prabandhak, Bhartiya Jeevan Bima Nigam & Ors.",,,,,,,,,,,,,,,,,,,
M/S AVIVA LIFE INSURANCE CO. INDIA LTD.,aviva life insurance india,U66010DL2000PLC107880,AVIVA LIFE INSURANCE COMPANY INDIA LTD,ACTIVE,Public,Company Limited by Shares,"25,00,00,00,000.00","20,04,90,00,000.00",25-09-2000,Delhi,RoC-Delhi,Insurance,2ND FLOORPRAKASHDEP BUILDING 7 TOLSTOY MARG   NEW DELHI Delhi INDIA 110001,Indian Non-Government Company,nan,,,,
MANAGER (ICICI BANK),icici bank,L65190GJ1994PLC021012,ICICI BANK LIMITED,ACTIVE,Public,Company Limited by Shares,"17,75,00,00,000.00","15,09,19,83,890.00",05-01-1994,Gujarat,RoC-Ahmedabad ,Finance,LANDMARKRACE COURCE CIRCLE ALKAPURI   BARODA Gujarat INDIA 390015,Indian Non-Government Company,nan,,,,
"1.Asst.Engineer, TSNPDCL",,,,,,,,,,,,,,,,,,,
AJITH RAMACHANDRAN,,,,,,,,,,,,,,,,,,,
Ajay Yadav,,,,,,,,,,,,,,,,,,,
M/S M-TECH DEVELOPERS PVT. LTD.,m tech developers,U45400DL2012PTC240100,M N K GUPTA HI-TECH BUILDERS & DEVELOPERS PRIVATE LIMITED,ACTIVE,Private,Company Limited by Shares,"1,50,00,000.00","1,07,70,000.00",13-08-2012,Delhi,RoC-Delhi,Construction,"H.NO. 11852 1ST FLOOR, GALI NO.8 SAT NAGAR, KAROL BAGH   NEW DELHI Delhi INDIA 110005",Indian Non-Government Company,nan,,,,
Iffco Tokio General Insurance Co.Ltd.,iffco tokio general insurance,U74899DL2000PLC107621,IFFCO-TOKIO GENERAL INSURANCE COMPANY LIMITED,ACTIVE,Public,Company Limited by Shares,"4,00,00,00,000.00","2,69,32,15,000.00",08-09-2000,Delhi,RoC-Delhi,Business Services,"IFFCO SADAN C1 DISTT. CENTER, SAKET   NEW DELHI Delhi INDIA 110017",Indian Non-Government Company,nan,,,,
M/s. Om Construction & Another,om construction &,U45201BR2002PTC010012,OM SHREE MAHAVIRA CONSTRUCTION PRIVATE LIMITED,ACTIVE,Private,Company Limited by Shares,"25,00,000.00","25,00,000.00",02-12-2002,Bihar,RoC-Patna,Construction,D-3 PRATAP RESIDENCYEAST BORING CANAL ROAD    PATNA Bihar INDIA 800001,Indian Non-Government Company,02-12-2002,,,,
B.M. Bank Of Baroda & Anr.,,,,,,,,,,,,,,,,,,,
"M/S.ATALANTA BUILDERS & DEVELOPERS, THRU ITS. PARTNER. MR.SHISHIR SHIVAPURKAR & ORS",,,,,,,,,,,,,,,,,,,
Akshaya Kumar Das,,,,,,,,,,,,,,,,,,,
"1. The Branch Manager/Authorised Signatory, Exide Life Insurance Company Limited, and another",manager/authorised signatory exide life insurance company and,U66010KA2000PLC028273,EXIDE LIFE INSURANCE COMPANY LIMITED,ACTIVE,Public,Company Limited by Shares,19000000000,17500000000,13-12-2000,Karnataka,RoC-Bangalore,Insurance,"V FLOOR, ING VYSYA HOUSE 22MAHATMA GANDHI ROAD, BANGALORE   BANGALORE Karnataka INDIA 560001",Indian Non-Government Company,13-12-2000,,,,
Bank of India,bank of india,U65110AP1929PLC000062,AGRICULTURAL AND MERCANTILE BANK OF INDIA LIMITED,DORMANT,Public,Company Limited by Guarantee ,"1,00,000.00",900,14-11-1929,Andhra Pradesh,RoC-Hyderabad,Finance,"DOOR NO.2/381,  DESAIPET,   MASULIPATNAM Andhra Pradesh INDIA ",Indian Non-Government Company,14-11-1929,,,,
Smt. Madhu Gupta,,,,,,,,,,,,,,,,,,,
Divisional Manager (C.R.M.) L I C Of India,,,,,,,,,,,,,,,,,,,
Amazon India,amazon india,U74999DL2011FTC224519,AMAZON EXIM (INDIA) PRIVATE LIMITED,ACTIVE,Private,Company Limited by Shares,"10,00,000.00","1,00,000.00",05-09-2011,Delhi,RoC-Delhi,Business Services,"B-40,GALI NO-15, MADHU VIHAR, I.P. EXT. PATPATGANJ   DELHI Delhi INDIA 110092",Subsidiary of Foreign Company,nan,,,,
"Officer In Charge, Income Tax Pan Services & another",,,,,,,,,,,,,,,,,,,
Life Insurnce Corporation of India,life insurnce corporation of india,U92100WB1945PLC012566,CINE CORPORATION OF INDIA LTD,STRIKE OFF,Public,Company Limited by Shares,500000,200000,31-08-1945,West Bengal,RoC-Kolkata,"Community, personal & Social Services",KOLKATA KOLKATA West Bengal INDIA,Indian Non-Government Company,31-08-1945,,,,
The Oriental Insurance Company Ltd.,oriental insurance company,U66010DL2007PLC248825,CANARA HSBC ORIENTAL BANK OF COMMERCE LIFE INSURANCE COMPANY LIMITED,ACTIVE,Public,Company Limited by Shares,"12,00,00,00,000.00","9,50,00,00,000.00",25-09-2007,Delhi,RoC-Delhi,Insurance,"C-31 and C-32, First Floor Connaught Circus   New Delhi Delhi INDIA 110001",Indian Non-Government Company,nan,,,,
"Sri Ram Chandra Shaw, Sole Proprietor M/s. Sarada Construction",ram chandra shaw sole proprietor sarada construction,U45201WB1993PTC059195,SHAW CONSTRUCTION PVT. LTD.,ACTIVE,Private,Company Limited by Shares,4000000,1514000,21-06-1993,West Bengal,RoC-Kolkata,Construction,19 BIPLABI ANUKUL CHANDRAST CALCUTTA West Bengal INDIA 700072,Indian Non-Government Company,21-06-1993,,,,
Ghaziabad Development Authority,ghaziabad development authority,U72900DL2012NPL230304,ZMQ DEVELOPMENT,ACTIVE,Private,Company Limited by Shares,"5,00,000.00","5,00,000.00",20-01-2012,Delhi,RoC-Delhi,Business Services,"187, VAISHALI PITAMPURA   DELHI Delhi INDIA 110088",Indian Non-Government Company,nan,,,,
REKHA JAIN,,,,,,,,,,,,,,,,,,,
M/s . Jitendra Jain,,,,,,,,,,,,,,,,,,,
Axis Bank Ltd. Through Branch Manager,axis bank,L65110GJ1993PLC020769,AXIS BANK LIMITED,ACTIVE,Public,Company Limited by Shares,"8,50,00,00,000.00","4,73,95,39,242.00",03-12-1993,Gujarat,RoC-Ahmedabad ,Finance,TRISHUL 3RD FLOOR OPP SAMARTHESHWAR TEMPLE LAW GARDEN ELLISBRIDGE   AHMEDABAD Gujarat INDIA 380006,Indian Non-Government Company,nan,,,,
Shri Gauri Shankar Pirojiwalla,,,,,,,,,,,,,,,,,,,
Oriental Insurance Co,oriental insurance,U66010DL2007PLC248825,CANARA HSBC ORIENTAL BANK OF COMMERCE LIFE INSURANCE COMPANY LIMITED,ACTIVE,Public,Company Limited by Shares,"12,00,00,00,000.00","9,50,00,00,000.00",25-09-2007,Delhi,RoC-Delhi,Insurance,"C-31 and C-32, First Floor Connaught Circus   New Delhi Delhi INDIA 110001",Indian Non-Government Company,nan,,,,
Kalaincherra Tea Estate,,,,,,,,,,,,,,,,,,,
Punjab State Federation,punjab state federation,U65921PB1950NPL000243,PUNJAB FEDERATION OF INDUSTRY AND COMMERCE,ACTIVE,Public,Company Limited by Guarantee, -   , -   ,01-01-1950,Punjab,RoC-Chandigarh,Finance,"Inside Gandhi Gate, AMRITSAR   PUNJAB Punjab INDIA 143001",Company licensed under Section25,nan,,,,
RAIBY,,,,,,,,,,,,,,,,,,,
Maxworth Realty India Ltd.,maxworth realty india,U45201KA2008PLC045928,MAXWORTH REALTY INDIA LIMITED,ACTIVE,Public,Company Limited by Shares,50000000,20000000,04-04-2008,Karnataka,RoC-Bangalore,Construction,"NO.22/1, RAILWAY PARALLEL ROAD, NEHRU NAGAR, OPP TO REDDY PETROL BUNK,   BANGALORE Karnataka INDIA 560020",Indian Non-Government Company,04-04-2008,,,,
B.M.Apex Bank & Anr.,b m apex bank &,U67120KA1942PLC001239,THE SOUTHERN INDIA APEX BANK LIMITED,DORMANT,Public,Company Limited by Shares,1000000,597500,25-06-1942,Karnataka,RoC-Bangalore,Finance,T.S.NO. 126/15/19DOOR NO 175/131 KALSANK UDUPI   UDUPI Karnataka INDIA ,Indian Non-Government Company,25-06-1942,,,,
Smt. Aakriti Juneja,,,,,,,,,,,,,,,,,,,
Dharmesh Constructions Pvt. Ltd,dharmesh constructions,U45201MP1991PLC006725,DASH CONSTRUCTIONS LTD,STRIKE OFF,Public,Company Limited by Shares,500000,1600,28-10-1991,Madhya Pradesh,RoC-Gwalior,Construction,"MIG -3,MLA QUARTERSJAWAHAR CHOWK    BHOPAL  Madhya Pradesh INDIA ",Indian Non-Government Company,28-10-1991,,,,
"1.The Manager, micro Insurance Department,",,,,,,,,,,,,,,,,,,,
Oriental Insurance Co.Ltd.,oriental insurance,U66010DL2007PLC248825,CANARA HSBC ORIENTAL BANK OF COMMERCE LIFE INSURANCE COMPANY LIMITED,ACTIVE,Public,Company Limited by Shares,"12,00,00,00,000.00","9,50,00,00,000.00",25-09-2007,Delhi,RoC-Delhi,Insurance,"C-31 and C-32, First Floor Connaught Circus   New Delhi Delhi INDIA 110001",Indian Non-Government Company,nan,,,,
Universal Shampoo General Insurance Co.Ltd. & Anr.,,,,,,,,,,,,,,,,,,,
Axis Bank Ltd,axis bank,L65110GJ1993PLC020769,AXIS BANK LIMITED,ACTIVE,Public,Company Limited by Shares,"8,50,00,00,000.00","4,73,95,39,242.00",03-12-1993,Gujarat,RoC-Ahmedabad ,Finance,TRISHUL 3RD FLOOR OPP SAMARTHESHWAR TEMPLE LAW GARDEN ELLISBRIDGE   AHMEDABAD Gujarat INDIA 380006,Indian Non-Government Company,nan,,,,
IFFCO Tokio General Insurance Company Ltd. & another,iffco tokio general insurance company &,U74899DL2000PLC107621,IFFCO-TOKIO GENERAL INSURANCE COMPANY LIMITED,ACTIVE,Public,Company Limited by Shares,"4,00,00,00,000.00","2,69,32,15,000.00",08-09-2000,Delhi,RoC-Delhi,Business Services,"IFFCO SADAN C1 DISTT. CENTER, SAKET   NEW DELHI Delhi INDIA 110017",Indian Non-Government Company,nan,,,,
MM Construction (Engineers & Contractors).,mm construction engineers & contractors,U29100WB1933PLC007579,ENGINEERS LTD,STRIKE OFF,Public,Company Limited by Shares,500000,200000,06-03-1933,West Bengal,RoC-Kolkata,Manufacturing (Machinery & Equipments),KOLKATA KOLKATA West Bengal INDIA,Indian Non-Government Company,06-03-1933,,,,
Dr. Rajanala Nirmala,,,,,,,,,,,,,,,,,,,
National Insurance Co.Ltd,national insurance,U66030KL1932PLC000776,NATIONAL INSURANCE AND AGRICULTURAL COMPANY LIMITED,DISSOLVED,Public,Company Limited by Shares,1000, -   ,21-03-1932,Kerala,ROC-Ernakulam,Insurance,ALLEPPEY     Kerala INDIA ,Indian Non-Government Company,nan,,,,
JAIN HOUSING AND CONSTRUCTIONS LTD,jain housing and constructions,U45201TN2007PLC064386,JAIN HOUSING & CONSTRUCTIONS HYDERABAD LIMITED,ACTIVE,Public,Company Limited by Shares,250000000,1638000,04-08-2007,Tamil Nadu,RoC-Chennai,Construction,"High Gates 8th Floor, No.82, D.G.S Dhinakaran Salai, M.R.C Nagar,   Chennai Tamil Nadu INDIA 600028",Indian Non-Government Company,04-08-2007,,,,
Air France,air france,U63013DL2006PTC154984,AIR FRANCE GROUND HANDLING INDIA PRIVATE LIMITED,UNDER LIQUIDATION,Private,Company Limited by Shares,"1,00,00,000.00","10,00,000.00",26-10-2006,Delhi,RoC-Delhi,"Transport, storage and Communications","Ground Floor, Central Wing, Thapar House 124, Janpath   New Delhi Delhi INDIA 110001",Indian Non-Government Company,nan,,,,
Dr.Kishore Yogiraj,,,,,,,,,,,,,,,,,,,
BCL Homes Limited,bcl homes,U00082CH2005PLC029291,BCL HOMES LIMITED,ACTIVE,Public,Company Limited by Shares,"8,50,00,000.00","7,67,97,500.00",02-12-2005,Chandigarh,RoC-Chandigarh,nan,"Shop No 140, Village Dariya     Chandigarh Chandigarh INDIA 160002",Indian Non-Government Company,02-12-2005,,,,
Sahkari Garh Nirman Samiti & another,,,,,,,,,,,,,,,,,,,
B.S.SHARMA,b s sharma,U45201BR1990PTC004255,M.S. MADHAV SHARMA CONSTRUCTIONS PRIVATE LIMITED,STRIKE OFF,Private,Company Limited by Shares,"15,00,000.00","2,000.00",05-12-1990,Bihar,RoC-Patna,Construction,"LAKHIBAGH, P.O. BUNIAD GANJ MANPUR   GAYA Bihar INDIA ",Indian Non-Government Company,05-12-1990,,,,
Life Insurnce Corporation Of India,life insurnce corporation of india,U92100WB1945PLC012566,CINE CORPORATION OF INDIA LTD,STRIKE OFF,Public,Company Limited by Shares,500000,200000,31-08-1945,West Bengal,RoC-Kolkata,"Community, personal & Social Services",KOLKATA KOLKATA West Bengal INDIA,Indian Non-Government Company,31-08-1945,,,,
The Oriental Insurance co. Ltd.,oriental insurance,U66010DL2007PLC248825,CANARA HSBC ORIENTAL BANK OF COMMERCE LIFE INSURANCE COMPANY LIMITED,ACTIVE,Public,Company Limited by Shares,"12,00,00,00,000.00","9,50,00,00,000.00",25-09-2007,Delhi,RoC-Delhi,Insurance,"C-31 and C-32, First Floor Connaught Circus   New Delhi Delhi INDIA 110001",Indian Non-Government Company,nan,,,,
Carmen Sharmila Pais,,,,,,,,,,,,,,,,,,,
M/s AMR Housing Development Corporation,amr housing development corporation,U65922AS1988PLC003145,NEW INDIA HOUSING DEVELOPMENT FINANCE CORPORATION LTD,STRIKE OFF,Public,Company Limited by Shares,"1,00,00,000.00","12,000.00",15-12-1988,Assam,RoC-Shillong,Finance,"CHULADHARA SWASTRI PITH,     JORHAT,  Assam INDIA ",Indian Non-Government Company,15-12-1988,,,,
ANTONY ABRAHAM,,,,,,,,,,,,,,,,,,,
M/s Kuber Developers,kuber developers,U52390CT2008PTC020923,KUBER ISPAT & DEVELOPERS PRIVATE LIMITED,ACTIVE,Private,Company Limited by Shares,"1,60,00,000.00","1,56,56,000.00",10-11-2008,Chhattisgarh,RoC-Chhattisgarh,Trading,"HOUSE NO.01, 1ST FLOOR NEAR SUKHA JHAD CHOWK, SAMTA COLONY   RAIPUR Chhattisgarh INDIA 492001",Indian Non-Government Company,10-11-2008,,,,
1. Tangellapalle Aruna Rani,,,,,,,,,,,,,,,,,,,
Bhartiya State Bank & Anr.,,,,,,,,,,,,,,,,,,,
M/s Dreamz Infra India Ltd,dreamz infra india,U70109KA2012PLC062065,DREAMZ INFRA INDIA LIMITED,ACTIVE,Public,Company Limited by Shares,100000000,20000000,16-01-2012,Karnataka,RoC-Bangalore,Real Estate and Renting,"577/B, 2ND FLOOR, OUTER RING ROAD, TEACHERS COLONY, KORAMANGALA   BANGALORE Karnataka INDIA 560034",Indian Non-Government Company,16-01-2012,,,,
AMAR ASHA CHS.LTD. THROUGH PRESIDENT SMT.CHAYA H.BHIVGADE,,,,,,,,,,,,,,,,,,,
"B.M ,The New India Insurance Co.Ltd.",b m new india insurance,U66010TN2010PTC076744,NEW WAY INSURANCE (INDIA) PRIVATE LIMITED,ACTIVE,Private,Company Limited by Shares,1000000,100000,28-07-2010,Tamil Nadu,RoC-Chennai,Insurance,"NO:16B, KULASEKARA PERUMAL KOIL STREET, SRIPERUMBUDUR,KANCHIPURAM DISTRICT   CHENNAI Tamil Nadu INDIA 602105",Indian Non-Government Company,28-07-2010,,,,
